{"DocumentId":"PAN","ContentType":"application/pdf","Length":122,"Pages":[{"PageIndex":0,"Size":[0.0,0.0,595.0,841.0],"Sections":[{"IndexInText":0,"Language":"eng","Length":84,"Rotation":"None","SkewAngle":-0.1,"Type":"Paragraph","WordGroups":[{"IndexInText":0,"Length":84,"Type":"Heading","Words":[{"Box":[66.95,163.24,32.81,7.47],"Polygon":[163.24,66.95,196.05,66.95,196.05,74.42,163.24,74.42],"IndexInText":0,"OcrConfidence":1.0,"Text":"Income","VisualLineNumber":0,"TextType":"Text"},{"Box":[66.95,197.38,16.8,7.74],"Polygon":[197.38,66.95,214.18,66.95,214.18,74.68,197.38,74.68],"IndexInText":7,"OcrConfidence":1.0,"Text":"Tax","VisualLineNumber":0,"TextType":"Text"},{"Box":[66.68,215.25,53.35,9.6],"Polygon":[215.25,66.68,268.6,66.68,268.6,76.28,215.25,76.28],"IndexInText":11,"OcrConfidence":0.83,"Text":"Department","VisualLineNumber":0,"TextType":"Text"},{"Box":[66.68,296.6,54.68,7.74],"Polygon":[296.6,66.68,351.28,66.68,351.28,74.42,296.6,74.42],"IndexInText":22,"OcrConfidence":1.0,"Text":"Government","VisualLineNumber":0,"TextType":"Text"},{"Box":[66.95,352.88,9.6,7.47],"Polygon":[352.88,66.95,362.49,66.95,362.49,74.42,352.88,74.42],"IndexInText":33,"OcrConfidence":1.0,"Text":"of","VisualLineNumber":0,"TextType":"Text"},{"Box":[66.68,363.29,42.41,8.0],"Polygon":[363.29,66.68,405.7,66.68,405.7,74.68,363.29,74.68],"IndexInText":36,"OcrConfidence":1.0,"Text":"Wakanda","VisualLineNumber":0,"TextType":"Text"},{"Box":[81.35,212.58,49.08,8.0],"Polygon":[212.58,81.35,261.66,81.35,261.66,89.35,212.58,89.35],"IndexInText":44,"OcrConfidence":1.0,"Text":"Permanent","VisualLineNumber":1,"TextType":"Text"},{"Box":[81.35,262.73,36.54,8.0],"Polygon":[262.73,81.35,299.27,81.35,299.27,89.35,262.73,89.35],"IndexInText":54,"OcrConfidence":1.0,"Text":"Account","VisualLineNumber":1,"TextType":"Text"},{"Box":[81.09,300.6,37.34,8.27],"Polygon":[300.6,81.09,337.95,81.09,337.95,89.35,300.6,89.35],"IndexInText":62,"OcrConfidence":1.0,"Text":"Number","VisualLineNumber":1,"TextType":"Text"},{"Box":[81.09,339.55,22.67,8.27],"Polygon":[339.55,81.09,362.22,81.09,362.22,89.35,339.55,89.35],"IndexInText":69,"OcrConfidence":1.0,"Text":"Card","VisualLineNumber":1,"TextType":"Text"},{"Box":[97.09,250.46,60.55,8.54],"Polygon":[250.46,97.09,311.01,97.09,311.01,105.63,250.46,105.63],"IndexInText":74,"OcrConfidence":0.98999995,"Text":"ACBPN1234L","VisualLineNumber":2,"TextType":"Text"}]}]},{"IndexInText":86,"Language":"eng","Length":19,"Rotation":"None","SkewAngle":-0.1,"Type":"Paragraph","WordGroups":[{"IndexInText":86,"Length":19,"Type":"Other","Words":[{"Box":[120.56,163.24,29.34,8.27],"Polygon":[163.24,120.56,192.58,120.56,192.58,128.83,163.24,128.83],"IndexInText":86,"OcrConfidence":1.0,"Text":"Name:","VisualLineNumber":3,"TextType":"Text"},{"Box":[132.03,162.97,33.87,8.8],"Polygon":[162.97,132.03,196.85,132.03,196.85,140.83,162.97,140.83],"IndexInText":92,"OcrConfidence":1.0,"Text":"Natasha","VisualLineNumber":4,"TextType":"Text"},{"Box":[132.3,198.18,25.61,8.54],"Polygon":[198.18,132.3,223.79,132.3,223.79,140.83,198.18,140.83],"IndexInText":100,"OcrConfidence":1.0,"Text":"Braun","VisualLineNumber":4,"TextType":"Text"}]}]},{"IndexInText":107,"Language":"pol","Length":15,"Rotation":"None","SkewAngle":-0.1,"Type":"Paragraph","WordGroups":[{"IndexInText":107,"Length":15,"Type":"Other","Words":[{"Box":[146.97,164.31,25.61,8.0],"Polygon":[164.31,146.97,189.91,146.97,189.91,154.97,164.31,154.97],"IndexInText":107,"OcrConfidence":1.0,"Text":"DOB:","VisualLineNumber":5,"TextType":"Text"},{"Box":[157.64,164.57,45.88,8.54],"Polygon":[164.57,157.64,210.45,157.64,210.45,166.17,164.57,166.17],"IndexInText":112,"OcrConfidence":1.0,"Text":"19/05/2022","VisualLineNumber":6,"TextType":"Text"}]}]}],"ProcessingSource":"Ocr","IndexInText":0,"TextLength":122,"SkewAngle":-0.1,"PageMetadata":[{"Key":"ImageHash","Value":"4b84f5b84709c0d4302ae88117bc7acd"}]}],"DocumentMetadata":[{"Key":"CommitSHA","Value":null},{"Key":"ReleaseVersion","Value":null}]}