{"DocumentId":"Payslip-1","ContentType":"application/pdf","Length":1460,"Pages":[{"PageIndex":0,"Size":[0.0,0.0,595.0,841.0],"Sections":[{"IndexInText":0,"Language":"zlm","Length":19,"Rotation":"None","SkewAngle":-0.1,"Type":"Paragraph","WordGroups":[{"IndexInText":0,"Length":19,"Type":"Other","Words":[{"Box":[15.74,199.78,62.41,12.54],"Polygon":[199.78,15.74,262.2,15.74,262.2,28.27,199.78,28.27],"IndexInText":0,"OcrConfidence":1.0,"Text":"Wakanda","VisualLineNumber":0,"TextType":"Text"},{"Box":[16.0,265.93,81.89,15.2],"Polygon":[265.93,16.0,347.82,16.0,347.82,31.21,265.93,31.21],"IndexInText":8,"OcrConfidence":1.0,"Text":"Technogeeks","VisualLineNumber":0,"TextType":"Text"}]}]},{"IndexInText":21,"Language":"eng","Length":63,"Rotation":"None","SkewAngle":-0.1,"Type":"Paragraph","WordGroups":[{"IndexInText":21,"Length":21,"Type":"Heading","Words":[{"Box":[36.54,216.58,20.8,8.0],"Polygon":[216.58,36.54,237.39,36.54,237.39,44.54,216.58,44.54],"IndexInText":21,"OcrConfidence":1.0,"Text":"9285","VisualLineNumber":1,"TextType":"Text"},{"Box":[36.54,239.26,27.47,10.14],"Polygon":[239.26,36.54,266.73,36.54,266.73,46.68,239.26,46.68],"IndexInText":26,"OcrConfidence":1.0,"Text":"Kristy","VisualLineNumber":1,"TextType":"Text"},{"Box":[36.54,268.86,20.0,8.27],"Polygon":[268.86,36.54,288.87,36.54,288.87,44.81,268.86,44.81],"IndexInText":33,"OcrConfidence":1.0,"Text":"Pass","VisualLineNumber":1,"TextType":"Text"},{"Box":[36.28,290.2,19.47,10.14],"Polygon":[290.2,36.28,309.67,36.28,309.67,46.41,290.2,46.41],"IndexInText":38,"OcrConfidence":1.0,"Text":"Apt.","VisualLineNumber":1,"TextType":"Text"}]},{"IndexInText":43,"Length":41,"Type":"Heading","Words":[{"Box":[49.35,216.85,29.61,8.0],"Polygon":[216.85,49.35,246.46,49.35,246.46,57.35,216.85,57.35],"IndexInText":43,"OcrConfidence":0.98999995,"Text":"Alaska","VisualLineNumber":2,"TextType":"Text"},{"Box":[49.35,248.59,25.87,8.0],"Polygon":[248.59,49.35,274.47,49.35,274.47,57.35,248.59,57.35],"IndexInText":50,"OcrConfidence":1.0,"Text":"27988","VisualLineNumber":2,"TextType":"Text"},{"Box":[49.35,276.6,57.35,7.74],"Polygon":[276.6,49.35,333.95,49.35,333.95,57.08,276.6,57.08],"IndexInText":56,"OcrConfidence":0.98999995,"Text":"International","VisualLineNumber":2,"TextType":"Text"},{"Box":[49.35,335.81,41.08,8.0],"Polygon":[335.81,49.35,376.89,49.35,376.89,57.35,335.81,57.35],"IndexInText":70,"OcrConfidence":1.0,"Text":"Wakanda","VisualLineNumber":2,"TextType":"Text"},{"Box":[49.35,378.76,26.41,8.0],"Polygon":[378.76,49.35,405.16,49.35,405.16,57.35,378.76,57.35],"IndexInText":78,"OcrConfidence":1.0,"Text":"States","VisualLineNumber":2,"TextType":"Text"}]}]},{"IndexInText":86,"Language":"eng","Length":8,"Rotation":"None","SkewAngle":-0.1,"Type":"Paragraph","WordGroups":[{"IndexInText":86,"Length":8,"Type":"Heading","Words":[{"Box":[84.02,249.66,20.27,13.07],"Polygon":[249.66,84.02,269.93,84.02,269.93,97.09,249.66,97.09],"IndexInText":86,"OcrConfidence":1.0,"Text":"Pay","VisualLineNumber":3,"TextType":"Text"},{"Box":[84.02,272.6,21.07,13.07],"Polygon":[272.6,84.02,293.67,84.02,293.67,97.09,272.6,97.09],"IndexInText":90,"OcrConfidence":1.0,"Text":"Slip","VisualLineNumber":3,"TextType":"Text"}]}]},{"IndexInText":96,"Language":"spa","Length":23,"Rotation":"None","SkewAngle":-0.1,"Type":"Paragraph","WordGroups":[{"IndexInText":96,"Length":23,"Type":"Heading","Words":[{"Box":[108.83,248.33,24.01,9.07],"Polygon":[248.33,108.83,272.33,108.83,272.33,117.89,248.33,117.89],"IndexInText":96,"OcrConfidence":1.0,"Text":"June","VisualLineNumber":4,"TextType":"Text"},{"Box":[108.83,275.0,23.47,9.34],"Polygon":[275.0,108.83,298.47,108.83,298.47,118.16,275.0,118.16],"IndexInText":101,"OcrConfidence":1.0,"Text":"2020","VisualLineNumber":4,"TextType":"Text"},{"Box":[124.83,240.32,35.74,8.27],"Polygon":[240.32,124.83,276.07,124.83,276.07,133.1,240.32,133.1],"IndexInText":106,"OcrConfidence":1.0,"Text":"Natasha","VisualLineNumber":5,"TextType":"Text"},{"Box":[124.83,277.93,28.27,8.27],"Polygon":[277.93,124.83,306.21,124.83,306.21,133.1,277.93,133.1],"IndexInText":114,"OcrConfidence":1.0,"Text":"Braun","VisualLineNumber":5,"TextType":"Text"}]}]},{"IndexInText":121,"Language":"eng","Length":179,"Rotation":"None","SkewAngle":-0.1,"Type":"Paragraph","WordGroups":[{"IndexInText":121,"Length":179,"Type":"Other","Words":[{"Box":[143.5,37.88,41.61,10.94],"Polygon":[37.88,143.5,79.49,143.5,79.49,154.44,37.88,154.44],"IndexInText":121,"OcrConfidence":1.0,"Text":"Employee","VisualLineNumber":6,"TextType":"Text"},{"Box":[143.5,81.35,34.14,9.34],"Polygon":[81.35,143.5,115.49,143.5,115.49,152.84,81.35,152.84],"IndexInText":130,"OcrConfidence":1.0,"Text":"Number","VisualLineNumber":6,"TextType":"Text"},{"Box":[145.37,142.7,2.4,7.2],"Polygon":[142.7,145.37,145.1,145.37,145.1,152.57,142.7,152.57],"IndexInText":137,"OcrConfidence":1.0,"Text":":","VisualLineNumber":6,"TextType":"Text"},{"Box":[142.43,148.57,38.14,8.0],"Polygon":[148.57,142.43,186.71,142.43,186.71,150.44,148.57,150.44],"IndexInText":139,"OcrConfidence":0.969999969,"Text":"WAK012","VisualLineNumber":6,"TextType":"Text"},{"Box":[143.5,275.0,25.07,9.07],"Polygon":[275.0,143.5,300.07,143.5,300.07,152.57,275.0,152.57],"IndexInText":146,"OcrConfidence":1.0,"Text":"Income","VisualLineNumber":6,"TextType":"Text"},{"Box":[143.77,301.4,13.87,8.8],"Polygon":[301.4,143.77,315.27,143.77,315.27,152.57,301.4,152.57],"IndexInText":153,"OcrConfidence":1.0,"Text":"Tax","VisualLineNumber":6,"TextType":"Text"},{"Box":[143.77,316.61,27.74,8.8],"Polygon":[316.61,143.77,344.35,143.77,344.35,152.57,316.61,152.57],"IndexInText":157,"OcrConfidence":1.0,"Text":"Number","VisualLineNumber":6,"TextType":"Text"},{"Box":[143.5,345.95,20.81,10.4],"Polygon":[345.95,143.5,366.75,143.5,366.75,153.9,345.95,153.9],"IndexInText":164,"OcrConfidence":0.969999969,"Text":"(PAN)","VisualLineNumber":6,"TextType":"Text"},{"Box":[144.83,379.56,3.2,8.27],"Polygon":[379.56,144.83,382.76,144.83,382.76,153.1,379.56,153.1],"IndexInText":170,"OcrConfidence":1.0,"Text":":","VisualLineNumber":6,"TextType":"Text"},{"Box":[143.23,387.56,60.28,8.27],"Polygon":[387.56,143.23,447.84,143.23,447.84,151.5,387.56,151.5],"IndexInText":172,"OcrConfidence":0.979999959,"Text":"ACBPN1234L","VisualLineNumber":6,"TextType":"Text"},{"Box":[156.57,37.61,36.01,9.07],"Polygon":[37.61,156.57,73.62,156.57,73.62,165.64,37.61,165.64],"IndexInText":183,"OcrConfidence":1.0,"Text":"Function","VisualLineNumber":7,"TextType":"Text"},{"Box":[158.17,142.43,3.2,8.27],"Polygon":[142.43,158.17,145.63,158.17,145.63,166.44,142.43,166.44],"IndexInText":192,"OcrConfidence":1.0,"Text":":","VisualLineNumber":7,"TextType":"Text"},{"Box":[156.57,274.47,25.87,9.07],"Polygon":[274.47,156.57,300.34,156.57,300.34,165.64,274.47,165.64],"IndexInText":194,"OcrConfidence":0.969999969,"Text":"Universal","VisualLineNumber":7,"TextType":"Text"},{"Box":[156.57,301.67,23.21,9.07],"Polygon":[301.67,156.57,324.88,156.57,324.88,165.64,301.67,165.64],"IndexInText":204,"OcrConfidence":0.98999995,"Text":"Account","VisualLineNumber":7,"TextType":"Text"},{"Box":[156.3,325.94,21.87,9.34],"Polygon":[325.94,156.3,347.82,156.3,347.82,165.64,325.94,165.64],"IndexInText":212,"OcrConfidence":0.979999959,"Text":"Number","VisualLineNumber":7,"TextType":"Text"},{"Box":[156.57,349.42,16.8,10.67],"Polygon":[349.42,156.57,366.22,156.57,366.22,167.24,349.42,167.24],"IndexInText":219,"OcrConfidence":0.88,"Text":"(UAN)","VisualLineNumber":7,"TextType":"Text"},{"Box":[158.7,380.09,2.4,6.94],"Polygon":[380.09,158.7,382.49,158.7,382.49,165.64,380.09,165.64],"IndexInText":225,"OcrConfidence":1.0,"Text":":","VisualLineNumber":7,"TextType":"Text"},{"Box":[157.1,386.76,65.08,8.54],"Polygon":[386.76,157.1,451.84,157.1,451.84,165.64,386.76,165.64],"IndexInText":227,"OcrConfidence":1.0,"Text":"3000000064442","VisualLineNumber":7,"TextType":"Text"},{"Box":[169.11,37.34,49.61,11.74],"Polygon":[37.34,169.11,86.95,169.11,86.95,180.84,37.34,180.84],"IndexInText":241,"OcrConfidence":1.0,"Text":"Designation","VisualLineNumber":8,"TextType":"Text"},{"Box":[171.51,142.7,2.4,7.2],"Polygon":[142.7,171.51,145.1,171.51,145.1,178.71,142.7,178.71],"IndexInText":253,"OcrConfidence":1.0,"Text":":","VisualLineNumber":8,"TextType":"Text"},{"Box":[169.37,149.64,37.34,9.34],"Polygon":[149.64,169.37,186.98,169.37,186.98,178.71,149.64,178.71],"IndexInText":255,"OcrConfidence":1.0,"Text":"Software","VisualLineNumber":8,"TextType":"Text"},{"Box":[169.37,188.58,38.14,11.47],"Polygon":[188.58,169.37,226.72,169.37,226.72,180.84,188.58,180.84],"IndexInText":264,"OcrConfidence":1.0,"Text":"Engineer","VisualLineNumber":8,"TextType":"Text"},{"Box":[169.37,274.73,12.0,9.07],"Polygon":[274.73,169.37,286.73,169.37,286.73,178.44,274.73,178.44],"IndexInText":273,"OcrConfidence":1.0,"Text":"PF","VisualLineNumber":8,"TextType":"Text"},{"Box":[169.91,288.87,33.87,8.54],"Polygon":[288.87,169.91,322.74,169.91,322.74,178.44,288.87,178.44],"IndexInText":276,"OcrConfidence":0.98999995,"Text":"account","VisualLineNumber":8,"TextType":"Text"},{"Box":[169.11,324.34,32.81,9.6],"Polygon":[324.34,169.11,357.15,169.11,357.15,178.71,324.34,178.71],"IndexInText":284,"OcrConfidence":0.64,"Text":"nurber","VisualLineNumber":8,"TextType":"Text"},{"Box":[171.24,379.82,2.93,7.47],"Polygon":[379.82,171.24,382.76,171.24,382.76,178.71,379.82,178.71],"IndexInText":291,"OcrConfidence":1.0,"Text":":","VisualLineNumber":8,"TextType":"Text"},{"Box":[169.37,386.49,40.01,9.07],"Polygon":[386.49,169.37,426.5,169.37,426.5,178.44,386.49,178.44],"IndexInText":293,"OcrConfidence":0.799999952,"Text":"AMB-162","VisualLineNumber":8,"TextType":"Text"}]}]},{"IndexInText":302,"Language":"eng","Length":8,"Rotation":"None","SkewAngle":-0.1,"Type":"Paragraph","WordGroups":[{"IndexInText":302,"Length":8,"Type":"Other","Words":[{"Box":[183.51,36.81,36.54,8.8],"Polygon":[36.81,183.51,73.35,183.51,73.35,192.31,36.81,192.31],"IndexInText":302,"OcrConfidence":1.0,"Text":"Location","VisualLineNumber":9,"TextType":"Text"}]}]},{"IndexInText":312,"Language":"swe","Length":8,"Rotation":"None","SkewAngle":-0.1,"Type":"Paragraph","WordGroups":[{"IndexInText":312,"Length":8,"Type":"Other","Words":[{"Box":[184.04,142.43,3.2,8.0],"Polygon":[142.43,184.04,145.63,184.04,145.63,192.05,142.43,192.05],"IndexInText":312,"OcrConfidence":1.0,"Text":":","VisualLineNumber":9,"TextType":"Text"},{"Box":[182.98,148.57,28.27,8.27],"Polygon":[148.57,182.98,176.84,182.98,176.84,191.25,148.57,191.25],"IndexInText":314,"OcrConfidence":0.98999995,"Text":"Alaska","VisualLineNumber":9,"TextType":"Text"}]}]},{"IndexInText":322,"Language":"eng","Length":10,"Rotation":"None","SkewAngle":-0.1,"Type":"Paragraph","WordGroups":[{"IndexInText":322,"Length":10,"Type":"Heading","Words":[{"Box":[182.18,274.73,15.2,9.6],"Polygon":[274.73,182.18,289.94,182.18,289.94,191.78,274.73,191.78],"IndexInText":322,"OcrConfidence":1.0,"Text":"ESI","VisualLineNumber":9,"TextType":"Text"},{"Box":[182.44,292.34,33.61,9.07],"Polygon":[292.34,182.44,325.94,182.44,325.94,191.51,292.34,191.51],"IndexInText":326,"OcrConfidence":1.0,"Text":"Number","VisualLineNumber":9,"TextType":"Text"}]}]},{"IndexInText":334,"Language":"und","Length":1,"Rotation":"None","SkewAngle":-0.1,"Type":"Paragraph","WordGroups":[{"IndexInText":334,"Length":1,"Type":"Other","Words":[{"Box":[184.04,379.56,3.2,8.0],"Polygon":[379.56,184.04,382.76,184.04,382.76,192.05,379.56,192.05],"IndexInText":334,"OcrConfidence":1.0,"Text":":","VisualLineNumber":9,"TextType":"Text"}]}]},{"IndexInText":337,"Language":"eng","Length":78,"Rotation":"None","SkewAngle":-0.1,"Type":"Paragraph","WordGroups":[{"IndexInText":337,"Length":78,"Type":"Other","Words":[{"Box":[195.78,37.34,22.67,8.54],"Polygon":[37.34,195.78,60.01,195.78,60.01,204.32,37.34,204.32],"IndexInText":337,"OcrConfidence":1.0,"Text":"Bank","VisualLineNumber":10,"TextType":"Text"},{"Box":[196.85,142.7,2.93,8.0],"Polygon":[142.7,196.85,145.63,196.85,145.63,204.85,142.7,204.85],"IndexInText":342,"OcrConfidence":1.0,"Text":":","VisualLineNumber":10,"TextType":"Text"},{"Box":[195.25,148.3,22.41,8.27],"Polygon":[148.3,195.25,170.71,195.25,170.71,203.52,148.3,203.52],"IndexInText":344,"OcrConfidence":1.0,"Text":"Bank","VisualLineNumber":10,"TextType":"Text"},{"Box":[195.25,172.31,9.87,8.54],"Polygon":[172.31,195.25,182.18,195.25,182.18,203.78,172.31,203.78],"IndexInText":349,"OcrConfidence":1.0,"Text":"of","VisualLineNumber":10,"TextType":"Text"},{"Box":[195.51,183.24,34.94,8.27],"Polygon":[183.24,195.51,218.19,195.51,218.19,203.78,183.24,203.78],"IndexInText":352,"OcrConfidence":1.0,"Text":"America","VisualLineNumber":10,"TextType":"Text"},{"Box":[195.78,274.73,10.67,8.8],"Polygon":[274.73,195.78,285.4,195.78,285.4,204.58,274.73,204.58],"IndexInText":360,"OcrConfidence":0.87,"Text":"PR","VisualLineNumber":10,"TextType":"Text"},{"Box":[195.78,286.2,28.27,9.07],"Polygon":[286.2,195.78,314.47,195.78,314.47,204.85,286.2,204.85],"IndexInText":363,"OcrConfidence":1.0,"Text":"Account","VisualLineNumber":10,"TextType":"Text"},{"Box":[195.51,315.27,26.94,9.07],"Polygon":[315.27,195.51,342.21,195.51,342.21,204.58,315.27,204.58],"IndexInText":371,"OcrConfidence":1.0,"Text":"Number","VisualLineNumber":10,"TextType":"Text"},{"Box":[195.78,343.55,25.61,10.94],"Polygon":[343.55,195.78,369.15,195.78,369.15,206.72,343.55,206.72],"IndexInText":378,"OcrConfidence":0.68,"Text":"(PRAN)","VisualLineNumber":10,"TextType":"Text"},{"Box":[196.85,379.82,2.93,8.0],"Polygon":[379.82,196.85,382.76,196.85,382.76,204.85,379.82,204.85],"IndexInText":385,"OcrConfidence":1.0,"Text":":","VisualLineNumber":10,"TextType":"Text"},{"Box":[207.78,37.34,19.47,8.0],"Polygon":[37.34,207.78,56.81,207.78,56.81,215.78,37.34,215.78],"IndexInText":387,"OcrConfidence":1.0,"Text":"Date","VisualLineNumber":11,"TextType":"Text"},{"Box":[206.72,59.21,9.6,8.8],"Polygon":[59.21,206.72,68.82,206.72,68.82,215.52,59.21,215.52],"IndexInText":392,"OcrConfidence":1.0,"Text":"of","VisualLineNumber":11,"TextType":"Text"},{"Box":[206.98,69.88,30.14,10.94],"Polygon":[69.88,206.98,100.02,206.98,100.02,217.92,69.88,217.92],"IndexInText":395,"OcrConfidence":1.0,"Text":"Joining","VisualLineNumber":11,"TextType":"Text"},{"Box":[210.98,142.97,2.4,6.4],"Polygon":[142.97,210.98,145.37,210.98,145.37,217.38,142.97,217.38],"IndexInText":403,"OcrConfidence":1.0,"Text":":","VisualLineNumber":11,"TextType":"Text"},{"Box":[208.32,150.44,44.54,8.0],"Polygon":[150.44,208.32,194.98,208.32,194.98,216.32,150.44,216.32],"IndexInText":405,"OcrConfidence":1.0,"Text":"10/12/2016","VisualLineNumber":11,"TextType":"Text"}]}]},{"IndexInText":417,"Language":"eng","Length":979,"Rotation":"None","SkewAngle":-0.1,"Type":"Table","WordGroups":[{"IndexInText":417,"Length":29,"Type":"TableCell","Words":[{"Box":[236.59,36.81,52.01,9.07],"Polygon":[36.81,236.59,88.82,236.59,88.82,245.66,36.81,245.66],"IndexInText":417,"OcrConfidence":0.25,"Text":"Aicuda..ce","VisualLineNumber":12,"TextType":"Text"},{"Box":[236.32,90.95,30.94,9.34],"Polygon":[90.95,236.32,121.9,236.32,121.9,245.66,90.95,245.66],"IndexInText":428,"OcrConfidence":0.98999995,"Text":"Details","VisualLineNumber":12,"TextType":"Text"},{"Box":[250.73,37.08,48.01,8.8],"Polygon":[37.08,250.73,85.09,250.73,85.09,259.53,37.08,259.53],"IndexInText":436,"OcrConfidence":1.0,"Text":"Attendance","VisualLineNumber":13,"TextType":"Text"}]},{"IndexInText":517,"Length":13,"Type":"TableCell","Words":[{"Box":[236.59,228.85,26.14,9.07],"Polygon":[228.85,236.59,254.99,236.59,254.99,245.66,228.85,245.66],"IndexInText":517,"OcrConfidence":1.0,"Text":"Value","VisualLineNumber":12,"TextType":"Text"},{"Box":[250.73,231.52,10.67,8.54],"Polygon":[231.52,250.73,242.19,250.73,242.19,259.26,231.52,259.26],"IndexInText":523,"OcrConfidence":1.0,"Text":"30","VisualLineNumber":13,"TextType":"Text"},{"Box":[250.99,244.86,21.61,10.4],"Polygon":[244.86,250.99,266.46,250.99,266.46,261.4,244.86,261.4],"IndexInText":526,"OcrConfidence":1.0,"Text":"Days","VisualLineNumber":13,"TextType":"Text"}]},{"IndexInText":566,"Length":1,"Type":"TableCell","Words":[{"Box":[0.0,0.0,0.0,0.0],"IndexInText":566,"OcrConfidence":-1.0,"Text":" ","VisualLineNumber":-1,"TextType":"Text"}]},{"IndexInText":601,"Length":1,"Type":"TableRowEnd","Words":[{"Box":[0.0,0.0,0.0,0.0],"IndexInText":601,"OcrConfidence":-1.0,"Text":" ","VisualLineNumber":-1,"TextType":"Text"}]},{"IndexInText":613,"Length":8,"Type":"TableCell","Words":[{"Box":[275.8,37.88,39.74,10.94],"Polygon":[37.88,275.8,77.62,275.8,77.62,286.73,37.88,286.73],"IndexInText":613,"OcrConfidence":0.98999995,"Text":"Earnings","VisualLineNumber":14,"TextType":"Text"}]},{"IndexInText":713,"Length":6,"Type":"TableCell","Words":[{"Box":[275.53,224.85,36.81,9.34],"Polygon":[224.85,275.53,261.66,275.53,261.66,284.87,224.85,284.87],"IndexInText":713,"OcrConfidence":1.0,"Text":"Amount","VisualLineNumber":14,"TextType":"Text"}]},{"IndexInText":762,"Length":10,"Type":"TableCell","Words":[{"Box":[275.53,274.73,51.21,9.34],"Polygon":[274.73,275.53,325.94,275.53,325.94,284.87,274.73,284.87],"IndexInText":762,"OcrConfidence":1.0,"Text":"Deductions","VisualLineNumber":14,"TextType":"Text"}]},{"IndexInText":797,"Length":6,"Type":"TableRowEnd","Words":[{"Box":[276.07,462.51,36.81,8.54],"Polygon":[462.51,276.07,499.32,276.07,499.32,284.6,462.51,284.6],"IndexInText":797,"OcrConfidence":1.0,"Text":"Amount","VisualLineNumber":14,"TextType":"Text"}]},{"IndexInText":809,"Length":97,"Type":"TableCell","Words":[{"Box":[289.67,37.61,23.47,9.07],"Polygon":[37.61,289.67,61.08,289.67,61.08,298.74,37.61,298.74],"IndexInText":809,"OcrConfidence":0.98999995,"Text":"Basic","VisualLineNumber":15,"TextType":"Text"},{"Box":[289.94,62.95,16.8,10.67],"Polygon":[62.95,289.94,79.75,289.94,79.75,300.6,62.95,300.6],"IndexInText":815,"OcrConfidence":1.0,"Text":"Pay","VisualLineNumber":15,"TextType":"Text"},{"Box":[302.47,37.61,27.21,9.34],"Polygon":[37.61,302.47,64.82,302.47,64.82,311.81,37.61,311.81],"IndexInText":819,"OcrConfidence":1.0,"Text":"House","VisualLineNumber":16,"TextType":"Text"},{"Box":[302.47,66.95,20.54,9.34],"Polygon":[66.95,302.47,87.49,302.47,87.49,311.81,66.95,311.81],"IndexInText":825,"OcrConfidence":1.0,"Text":"Rent","VisualLineNumber":16,"TextType":"Text"},{"Box":[302.47,89.09,43.21,9.34],"Polygon":[89.09,302.47,132.3,302.47,132.3,311.81,89.09,311.81],"IndexInText":830,"OcrConfidence":1.0,"Text":"Allowance","VisualLineNumber":16,"TextType":"Text"},{"Box":[315.54,37.61,52.28,10.94],"Polygon":[37.61,315.54,89.89,315.54,89.89,326.48,37.61,326.48],"IndexInText":840,"OcrConfidence":1.0,"Text":"Conveyance","VisualLineNumber":17,"TextType":"Text"},{"Box":[328.61,37.61,30.67,10.94],"Polygon":[37.61,328.61,68.28,328.61,68.28,339.55,37.61,339.55],"IndexInText":851,"OcrConfidence":1.0,"Text":"Special","VisualLineNumber":18,"TextType":"Text"},{"Box":[328.88,70.42,47.74,8.8],"Polygon":[70.42,328.88,118.16,328.88,118.16,337.68,70.42,337.68],"IndexInText":859,"OcrConfidence":1.0,"Text":"Allowances","VisualLineNumber":18,"TextType":"Text"},{"Box":[341.95,37.34,32.54,8.8],"Polygon":[37.34,341.95,69.88,341.95,69.88,350.75,37.34,350.75],"IndexInText":870,"OcrConfidence":0.95,"Text":"Medical","VisualLineNumber":19,"TextType":"Text"},{"Box":[341.68,72.28,66.68,9.07],"Polygon":[72.28,341.68,138.97,341.68,138.97,350.75,72.28,350.75],"IndexInText":878,"OcrConfidence":1.0,"Text":"Reimbursement","VisualLineNumber":19,"TextType":"Text"},{"Box":[354.75,38.14,23.47,9.07],"Polygon":[38.14,354.75,61.61,354.75,61.61,363.82,38.14,363.82],"IndexInText":892,"OcrConfidence":0.25,"Text":"uther","VisualLineNumber":20,"TextType":"Text"},{"Box":[354.75,63.75,37.08,10.67],"Polygon":[63.75,354.75,100.82,354.75,100.82,365.42,63.75,365.42],"IndexInText":898,"OcrConfidence":0.98999995,"Text":"Earnings","VisualLineNumber":20,"TextType":"Text"}]},{"IndexInText":909,"Length":46,"Type":"TableCell","Words":[{"Box":[289.67,223.52,41.08,10.14],"Polygon":[223.52,289.67,264.6,289.67,264.6,299.8,223.52,299.8],"IndexInText":909,"OcrConfidence":1.0,"Text":"15,000.00","VisualLineNumber":15,"TextType":"Text"},{"Box":[302.74,228.32,37.08,10.14],"Polygon":[228.32,302.74,265.4,302.74,265.4,312.87,228.32,312.87],"IndexInText":919,"OcrConfidence":1.0,"Text":"7,500.00","VisualLineNumber":16,"TextType":"Text"},{"Box":[315.54,228.85,36.81,10.4],"Polygon":[228.85,315.54,265.66,315.54,265.66,325.94,228.85,325.94],"IndexInText":928,"OcrConfidence":1.0,"Text":"1,600.00","VisualLineNumber":17,"TextType":"Text"},{"Box":[328.61,223.52,40.81,10.67],"Polygon":[223.52,328.61,264.33,328.61,264.33,339.28,223.52,339.28],"IndexInText":937,"OcrConfidence":1.0,"Text":"10,350.00","VisualLineNumber":18,"TextType":"Text"},{"Box":[341.95,228.85,36.54,9.87],"Polygon":[228.85,341.95,265.4,341.95,265.4,351.82,228.85,351.82],"IndexInText":947,"OcrConfidence":0.909999967,"Text":"1,2.0.00","VisualLineNumber":19,"TextType":"Text"}]},{"IndexInText":958,"Length":32,"Type":"TableCell","Words":[{"Box":[289.4,274.73,18.94,9.6],"Polygon":[274.73,289.4,293.67,289.4,293.67,299.0,274.73,299.0],"IndexInText":958,"OcrConfidence":0.98999995,"Text":"EPF","VisualLineNumber":15,"TextType":"Text"},{"Box":[302.74,274.73,6.13,8.54],"Polygon":[274.73,302.74,280.87,302.74,280.87,311.27,274.73,311.27],"IndexInText":962,"OcrConfidence":1.0,"Text":"T","VisualLineNumber":16,"TextType":"Text"},{"Box":[302.47,284.87,9.07,9.34],"Polygon":[284.87,302.47,293.94,302.47,293.94,311.81,284.87,311.81],"IndexInText":964,"OcrConfidence":0.98999995,"Text":"IS","VisualLineNumber":16,"TextType":"Text"},{"Box":[315.27,274.73,12.8,9.07],"Polygon":[274.73,315.27,287.53,315.27,287.54,324.34,274.73,324.34],"IndexInText":967,"OcrConfidence":1.0,"Text":"PT","VisualLineNumber":17,"TextType":"Text"},{"Box":[328.61,274.73,15.2,9.07],"Polygon":[274.73,328.61,289.94,328.61,289.94,337.68,274.73,337.68],"IndexInText":970,"OcrConfidence":1.0,"Text":"ESI","VisualLineNumber":18,"TextType":"Text"},{"Box":[341.41,274.47,24.01,9.34],"Polygon":[274.47,341.41,298.47,341.41,298.47,350.75,274.47,350.75],"IndexInText":974,"OcrConfidence":1.0,"Text":"Other","VisualLineNumber":19,"TextType":"Text"},{"Box":[341.68,300.6,47.21,9.34],"Polygon":[300.6,341.68,347.82,341.68,347.82,351.02,300.6,351.02],"IndexInText":980,"OcrConfidence":1.0,"Text":"Deductions","VisualLineNumber":19,"TextType":"Text"}]},{"IndexInText":993,"Length":8,"Type":"TableRowEnd","Words":[{"Box":[289.94,465.98,36.54,9.87],"Polygon":[465.98,289.94,502.52,289.94,502.52,299.8,465.98,299.8],"IndexInText":993,"OcrConfidence":0.37,"Text":"1,000.00","VisualLineNumber":15,"TextType":"Text"}]},{"IndexInText":1005,"Length":14,"Type":"TableCell","Words":[{"Box":[367.82,37.61,22.67,9.07],"Polygon":[37.61,367.82,60.28,367.82,60.28,376.89,37.61,376.89],"IndexInText":1005,"OcrConfidence":0.98999995,"Text":"Total","VisualLineNumber":21,"TextType":"Text"},{"Box":[367.82,62.41,40.01,10.94],"Polygon":[62.41,367.82,102.42,367.82,102.42,378.76,62.41,378.76],"IndexInText":1011,"OcrConfidence":0.969999969,"Text":"Earnings","VisualLineNumber":21,"TextType":"Text"}]},{"IndexInText":1105,"Length":9,"Type":"TableCell","Words":[{"Box":[367.55,222.72,41.61,10.4],"Polygon":[222.72,367.55,264.33,367.55,264.33,377.96,222.72,377.96],"IndexInText":1105,"OcrConfidence":1.0,"Text":"35,700.00","VisualLineNumber":21,"TextType":"Text"}]},{"IndexInText":1154,"Length":16,"Type":"TableCell","Words":[{"Box":[367.55,274.73,22.41,9.34],"Polygon":[274.73,367.55,297.14,367.55,297.14,376.89,274.73,376.89],"IndexInText":1154,"OcrConfidence":0.979999959,"Text":"Total","VisualLineNumber":21,"TextType":"Text"},{"Box":[367.82,299.8,50.68,9.34],"Polygon":[299.8,367.82,350.48,367.82,350.48,377.16,299.8,377.16],"IndexInText":1160,"OcrConfidence":1.0,"Text":"Deductions","VisualLineNumber":21,"TextType":"Text"}]},{"IndexInText":1189,"Length":8,"Type":"TableRowEnd","Words":[{"Box":[367.82,465.71,36.81,9.87],"Polygon":[465.71,367.82,502.52,367.82,502.52,377.69,465.71,377.69],"IndexInText":1189,"OcrConfidence":1.0,"Text":"1,800.00","VisualLineNumber":21,"TextType":"Text"}]},{"IndexInText":1201,"Length":1,"Type":"TableCell","Words":[{"Box":[0.0,0.0,0.0,0.0],"IndexInText":1201,"OcrConfidence":-1.0,"Text":" ","VisualLineNumber":-1,"TextType":"Text"}]},{"IndexInText":1301,"Length":1,"Type":"TableCell","Words":[{"Box":[0.0,0.0,0.0,0.0],"IndexInText":1301,"OcrConfidence":-1.0,"Text":" ","VisualLineNumber":-1,"TextType":"Text"}]},{"IndexInText":1350,"Length":10,"Type":"TableCell","Words":[{"Box":[380.62,274.73,16.0,9.07],"Polygon":[274.73,380.62,290.74,380.62,290.74,389.69,274.73,389.69],"IndexInText":1350,"OcrConfidence":1.0,"Text":"Net","VisualLineNumber":22,"TextType":"Text"},{"Box":[380.89,292.07,36.54,8.8],"Polygon":[292.07,380.89,328.61,380.89,328.61,389.69,292.07,389.69],"IndexInText":1354,"OcrConfidence":1.0,"Text":"Amount","VisualLineNumber":22,"TextType":"Text"}]},{"IndexInText":1385,"Length":11,"Type":"TableRowEnd","Words":[{"Box":[381.42,454.77,5.07,8.27],"Polygon":[454.77,381.42,459.84,381.42,459.84,389.69,454.77,389.69],"IndexInText":1385,"OcrConfidence":0.099999994,"Text":"A","VisualLineNumber":22,"TextType":"Text"},{"Box":[380.62,461.71,37.88,10.67],"Polygon":[461.71,380.62,499.59,380.62,499.59,391.29,461.71,391.29],"IndexInText":1387,"OcrConfidence":1.0,"Text":"33,900.00","VisualLineNumber":22,"TextType":"Text"}]}]},{"IndexInText":1398,"Language":"eng","Length":62,"Rotation":"None","SkewAngle":-0.1,"Type":"Paragraph","WordGroups":[{"IndexInText":1398,"Length":62,"Type":"Other","Words":[{"Box":[399.03,36.54,27.47,7.74],"Polygon":[36.54,399.03,64.02,399.03,64.02,406.76,36.54,406.76],"IndexInText":1398,"OcrConfidence":1.0,"Text":"Amount","VisualLineNumber":23,"TextType":"Text"},{"Box":[399.56,65.62,8.54,8.54],"Polygon":[65.62,399.56,74.15,399.56,74.15,408.1,65.62,408.1],"IndexInText":1405,"OcrConfidence":0.98999995,"Text":"(in","VisualLineNumber":23,"TextType":"Text"},{"Box":[399.29,75.48,25.07,8.8],"Polygon":[75.48,399.29,100.56,399.29,100.56,408.1,75.48,408.1],"IndexInText":1409,"OcrConfidence":0.98999995,"Text":"words):","VisualLineNumber":23,"TextType":"Text"},{"Box":[411.03,37.61,15.2,7.74],"Polygon":[37.61,411.03,52.81,411.03,52.81,418.77,37.61,418.77],"IndexInText":1417,"OcrConfidence":1.0,"Text":"INR","VisualLineNumber":24,"TextType":"Text"},{"Box":[410.76,54.15,21.87,9.87],"Polygon":[54.15,410.76,76.02,410.76,76.02,420.63,54.15,420.63],"IndexInText":1421,"OcrConfidence":0.95,"Text":"Thirty","VisualLineNumber":24,"TextType":"Text"},{"Box":[410.76,77.35,22.67,8.0],"Polygon":[77.35,410.76,100.02,410.76,100.02,418.77,77.35,418.77],"IndexInText":1428,"OcrConfidence":1.0,"Text":"Three","VisualLineNumber":24,"TextType":"Text"},{"Box":[410.76,101.62,37.88,8.0],"Polygon":[101.62,410.76,139.5,410.76,139.5,418.77,101.62,418.77],"IndexInText":1434,"OcrConfidence":1.0,"Text":"Thousand","VisualLineNumber":24,"TextType":"Text"},{"Box":[411.03,141.37,17.6,7.74],"Polygon":[141.37,411.03,158.97,411.03,158.97,418.77,141.37,418.77],"IndexInText":1443,"OcrConfidence":1.0,"Text":"Nine","VisualLineNumber":24,"TextType":"Text"},{"Box":[410.76,160.84,32.54,8.0],"Polygon":[160.84,410.76,193.38,410.76,193.38,418.77,160.84,418.77],"IndexInText":1448,"OcrConfidence":1.0,"Text":"Hundred","VisualLineNumber":24,"TextType":"Text"},{"Box":[410.76,195.51,17.87,10.14],"Polygon":[195.51,410.76,213.38,410.76,213.38,420.9,195.51,420.9],"IndexInText":1456,"OcrConfidence":1.0,"Text":"Only","VisualLineNumber":24,"TextType":"Text"}]}]}],"ProcessingSource":"Ocr","IndexInText":0,"TextLength":1460,"SkewAngle":-0.1,"PageMetadata":[{"Key":"ImageHash","Value":"9325ad2a5d3611ff9baa6e40e5e16bfb"}]}],"DocumentMetadata":[{"Key":"CommitSHA","Value":null},{"Key":"ReleaseVersion","Value":null}]}