{"DocumentId":"aadhaar - 1","ContentType":"application/pdf","Length":130,"Pages":[{"PageIndex":0,"Size":[0.0,0.0,595.0,841.0],"Sections":[{"IndexInText":0,"Language":"eng","Length":21,"Rotation":"None","SkewAngle":-0.1,"Type":"Paragraph","WordGroups":[{"IndexInText":0,"Length":21,"Type":"Heading","Words":[{"Box":[68.55,197.38,78.95,10.67],"Polygon":[197.38,68.55,276.33,68.55,276.33,79.22,197.38,79.22],"IndexInText":0,"OcrConfidence":0.98999995,"Text":"Government","VisualLineNumber":0,"TextType":"Text"},{"Box":[69.08,279.53,14.14,10.14],"Polygon":[279.53,69.08,293.67,69.08,293.67,79.22,279.53,79.22],"IndexInText":11,"OcrConfidence":1.0,"Text":"of","VisualLineNumber":0,"TextType":"Text"},{"Box":[68.55,294.74,60.55,10.94],"Polygon":[294.74,68.55,355.28,68.55,355.28,79.49,294.74,79.49],"IndexInText":14,"OcrConfidence":0.98999995,"Text":"Wakanda","VisualLineNumber":0,"TextType":"Text"}]}]},{"IndexInText":23,"Language":"eng","Length":91,"Rotation":"None","SkewAngle":-0.1,"Type":"Paragraph","WordGroups":[{"IndexInText":23,"Length":87,"Type":"Sentence","Words":[{"Box":[100.29,214.45,29.34,8.27],"Polygon":[214.45,100.29,243.79,100.29,243.79,108.56,214.45,108.56],"IndexInText":23,"OcrConfidence":1.0,"Text":"Name:","VisualLineNumber":1,"TextType":"Text"},{"Box":[100.56,256.59,45.61,10.14],"Polygon":[256.59,100.56,302.21,100.56,302.21,110.69,256.59,110.69],"IndexInText":29,"OcrConfidence":1.0,"Text":"Ameyatma","VisualLineNumber":1,"TextType":"Text"},{"Box":[99.76,303.54,26.94,8.8],"Polygon":[303.54,99.76,330.48,99.76,330.48,108.56,303.54,108.56],"IndexInText":38,"OcrConfidence":0.98999995,"Text":"Nehru","VisualLineNumber":1,"TextType":"Text"},{"Box":[114.43,214.45,25.87,8.0],"Polygon":[214.45,114.43,240.32,114.43,240.32,122.43,214.45,122.43],"IndexInText":44,"OcrConfidence":1.0,"Text":"DOB:","VisualLineNumber":2,"TextType":"Text"},{"Box":[114.69,258.46,44.54,8.0],"Polygon":[258.46,114.69,303.01,114.69,303.01,122.7,258.46,122.7],"IndexInText":49,"OcrConfidence":1.0,"Text":"19/05/2022","VisualLineNumber":2,"TextType":"Text"},{"Box":[127.76,215.52,35.74,8.27],"Polygon":[215.52,127.76,251.26,127.76,251.26,136.03,215.52,136.03],"IndexInText":60,"OcrConfidence":1.0,"Text":"Gender:","VisualLineNumber":3,"TextType":"Text"},{"Box":[127.23,258.46,31.74,8.27],"Polygon":[258.46,127.23,290.2,127.23,290.2,135.5,258.46,135.5],"IndexInText":68,"OcrConfidence":1.0,"Text":"Female","VisualLineNumber":3,"TextType":"Text"},{"Box":[142.43,215.52,38.41,8.0],"Polygon":[215.52,142.43,253.93,142.43,253.93,150.44,215.52,150.44],"IndexInText":75,"OcrConfidence":0.98999995,"Text":"Address:","VisualLineNumber":4,"TextType":"Text"},{"Box":[156.84,215.78,20.54,8.0],"Polygon":[215.78,156.84,236.32,156.84,236.32,164.84,215.78,164.84],"IndexInText":84,"OcrConfidence":1.0,"Text":"5130","VisualLineNumber":5,"TextType":"Text"},{"Box":[156.84,237.92,50.41,8.54],"Polygon":[237.92,156.84,288.34,156.84,288.34,165.37,237.92,165.37],"IndexInText":89,"OcrConfidence":1.0,"Text":"Vandervort","VisualLineNumber":5,"TextType":"Text"},{"Box":[156.57,289.4,25.07,10.4],"Polygon":[289.4,156.57,314.47,156.57,314.47,166.97,289.4,166.97],"IndexInText":100,"OcrConfidence":1.0,"Text":"Light","VisualLineNumber":5,"TextType":"Text"},{"Box":[170.44,215.25,19.47,9.6],"Polygon":[215.25,170.44,234.72,170.44,234.72,180.04,215.25,180.04],"IndexInText":106,"OcrConfidence":1.0,"Text":"Apt.","VisualLineNumber":6,"TextType":"Text"}]},{"IndexInText":111,"Length":3,"Type":"Other","Words":[{"Box":[169.91,237.12,15.74,8.27],"Polygon":[237.12,169.91,252.86,169.91,252.86,178.18,237.12,178.18],"IndexInText":111,"OcrConfidence":1.0,"Text":"556","VisualLineNumber":6,"TextType":"Text"}]}]},{"IndexInText":116,"Language":"tur","Length":14,"Rotation":"None","SkewAngle":-0.1,"Type":"Paragraph","WordGroups":[{"IndexInText":116,"Length":14,"Type":"Other","Words":[{"Box":[192.05,232.06,31.21,12.0],"Polygon":[232.06,192.05,263.26,192.05,263.26,204.05,232.06,204.05],"IndexInText":116,"OcrConfidence":1.0,"Text":"6668","VisualLineNumber":7,"TextType":"Text"},{"Box":[192.05,267.0,31.47,11.74],"Polygon":[267.0,192.05,298.47,192.05,298.47,203.78,267.0,203.78],"IndexInText":121,"OcrConfidence":1.0,"Text":"6094","VisualLineNumber":7,"TextType":"Text"},{"Box":[192.05,301.94,30.94,11.74],"Polygon":[301.94,192.05,332.88,192.05,332.88,203.78,301.94,203.78],"IndexInText":126,"OcrConfidence":1.0,"Text":"0114","VisualLineNumber":7,"TextType":"Text"}]}]}],"ProcessingSource":"Ocr","IndexInText":0,"TextLength":130,"SkewAngle":-0.1,"PageMetadata":[{"Key":"ImageHash","Value":"6ae85c2df78b9435b59681ee1fabc989"}]}],"DocumentMetadata":[{"Key":"CommitSHA","Value":null},{"Key":"ReleaseVersion","Value":null}]}