{"DocumentId":"Aadhar","ContentType":"application/pdf","Length":129,"Pages":[{"PageIndex":0,"Size":[0.0,0.0,595.0,841.0],"Sections":[{"IndexInText":0,"Language":"eng","Length":21,"Rotation":"None","SkewAngle":-0.1,"Type":"Paragraph","WordGroups":[{"IndexInText":0,"Length":21,"Type":"Heading","Words":[{"Box":[68.28,197.65,79.49,11.2],"Polygon":[197.65,68.28,277.13,68.28,277.13,79.49,197.65,79.49],"IndexInText":0,"OcrConfidence":0.98999995,"Text":"Government","VisualLineNumber":0,"TextType":"Text"},{"Box":[69.08,279.53,14.4,10.14],"Polygon":[279.53,69.08,293.94,69.08,293.94,79.22,279.53,79.22],"IndexInText":11,"OcrConfidence":1.0,"Text":"of","VisualLineNumber":0,"TextType":"Text"},{"Box":[68.82,295.0,60.55,10.67],"Polygon":[295.0,68.82,355.55,68.82,355.55,79.49,295.0,79.49],"IndexInText":14,"OcrConfidence":1.0,"Text":"Wakanda","VisualLineNumber":0,"TextType":"Text"}]}]},{"IndexInText":23,"Language":"eng","Length":90,"Rotation":"None","SkewAngle":-0.1,"Type":"Paragraph","WordGroups":[{"IndexInText":23,"Length":86,"Type":"Sentence","Words":[{"Box":[100.29,214.72,29.07,8.54],"Polygon":[214.72,100.29,243.79,100.29,243.79,108.83,214.72,108.83],"IndexInText":23,"OcrConfidence":1.0,"Text":"Name:","VisualLineNumber":1,"TextType":"Text"},{"Box":[99.76,256.33,36.01,8.27],"Polygon":[256.33,99.76,292.34,99.76,292.34,108.03,256.33,108.03],"IndexInText":29,"OcrConfidence":1.0,"Text":"Natasha","VisualLineNumber":1,"TextType":"Text"},{"Box":[99.76,293.67,28.54,8.27],"Polygon":[293.67,99.76,322.21,99.76,322.21,108.03,293.67,108.03],"IndexInText":37,"OcrConfidence":1.0,"Text":"Braun","VisualLineNumber":1,"TextType":"Text"},{"Box":[114.43,214.72,25.61,8.0],"Polygon":[214.72,114.43,240.32,114.43,240.32,122.43,214.72,122.43],"IndexInText":43,"OcrConfidence":1.0,"Text":"DOB:","VisualLineNumber":2,"TextType":"Text"},{"Box":[113.36,256.59,45.88,8.0],"Polygon":[256.59,113.36,302.47,113.36,302.47,121.36,256.59,121.36],"IndexInText":48,"OcrConfidence":1.0,"Text":"19/05/2022","VisualLineNumber":2,"TextType":"Text"},{"Box":[127.76,216.05,35.21,8.27],"Polygon":[216.05,127.76,251.26,127.76,251.26,136.03,216.05,136.03],"IndexInText":59,"OcrConfidence":1.0,"Text":"Gender:","VisualLineNumber":3,"TextType":"Text"},{"Box":[127.23,258.19,32.27,8.27],"Polygon":[258.19,127.23,290.47,127.23,290.47,135.5,258.19,135.5],"IndexInText":67,"OcrConfidence":1.0,"Text":"Female","VisualLineNumber":3,"TextType":"Text"},{"Box":[142.43,215.52,38.41,8.0],"Polygon":[215.52,142.43,253.93,142.43,253.93,150.44,215.52,150.44],"IndexInText":74,"OcrConfidence":0.98999995,"Text":"Address:","VisualLineNumber":4,"TextType":"Text"},{"Box":[156.84,216.05,20.54,7.74],"Polygon":[216.05,156.84,236.59,156.84,236.59,164.57,216.05,164.57],"IndexInText":83,"OcrConfidence":1.0,"Text":"5130","VisualLineNumber":5,"TextType":"Text"},{"Box":[156.84,238.19,50.15,8.0],"Polygon":[238.19,156.84,288.34,156.84,288.34,164.84,238.19,164.84],"IndexInText":88,"OcrConfidence":0.98999995,"Text":"Vandervort","VisualLineNumber":5,"TextType":"Text"},{"Box":[156.57,289.4,25.34,10.4],"Polygon":[289.4,156.57,314.74,156.57,314.74,166.97,289.4,166.97],"IndexInText":99,"OcrConfidence":1.0,"Text":"Light","VisualLineNumber":5,"TextType":"Text"},{"Box":[170.17,215.25,19.2,9.87],"Polygon":[215.25,170.17,234.46,170.17,234.46,180.04,215.25,180.04],"IndexInText":105,"OcrConfidence":1.0,"Text":"Apt.","VisualLineNumber":6,"TextType":"Text"}]},{"IndexInText":110,"Length":3,"Type":"Other","Words":[{"Box":[170.17,236.86,16.0,7.74],"Polygon":[236.86,170.17,252.86,170.17,252.86,177.91,236.86,177.91],"IndexInText":110,"OcrConfidence":1.0,"Text":"556","VisualLineNumber":6,"TextType":"Text"}]}]},{"IndexInText":115,"Language":"tur","Length":14,"Rotation":"None","SkewAngle":-0.1,"Type":"Paragraph","WordGroups":[{"IndexInText":115,"Length":14,"Type":"Other","Words":[{"Box":[191.78,235.26,29.34,12.0],"Polygon":[235.26,191.78,264.6,191.78,264.6,203.78,235.26,203.78],"IndexInText":115,"OcrConfidence":1.0,"Text":"7868","VisualLineNumber":7,"TextType":"Text"},{"Box":[191.51,267.8,29.61,12.27],"Polygon":[267.8,191.51,297.4,191.51,297.4,203.78,267.8,203.78],"IndexInText":120,"OcrConfidence":1.0,"Text":"3515","VisualLineNumber":7,"TextType":"Text"},{"Box":[191.78,300.6,29.61,12.0],"Polygon":[300.6,191.78,330.21,191.78,330.21,203.78,300.6,203.78],"IndexInText":125,"OcrConfidence":1.0,"Text":"2415","VisualLineNumber":7,"TextType":"Text"}]}]}],"ProcessingSource":"Ocr","IndexInText":0,"TextLength":129,"SkewAngle":-0.1,"PageMetadata":[{"Key":"ImageHash","Value":"bd6322c0948c16d87a2ce9339f0914ff"}]}],"DocumentMetadata":[{"Key":"CommitSHA","Value":null},{"Key":"ReleaseVersion","Value":null}]}