[{"DocumentTypeId":"LoanEligibilitycheck.Aaadhaar.Aadhaarcard","Keywords":[{"Values":["gender"],"NumberOfTimesConfirmed":1,"LastUpdated":"2022-08-18T14:23:56.4678659+05:30"}]},{"DocumentTypeId":"LoanEligibilitycheck.PDFs.PANcard","Keywords":[{"Values":["permanent account number card"],"NumberOfTimesConfirmed":1,"LastUpdated":"2022-08-18T14:23:56.4683339+05:30"}]},{"DocumentTypeId":"LoanEligibilitycheck.Payslip.Payslip","Keywords":[{"Values":["pay slip","earnings"],"NumberOfTimesConfirmed":1,"LastUpdated":"2022-08-18T14:23:56.4683339+05:30"}]}]
