﻿{
  "DataContractVersion": "1.1",
  "DocumentTypes": [
    {
      "DocumentTypeId": "LoanEligibilitycheck.PDFs.PANcard",
      "Group": "Loan Eligibility check",
      "Category": "PAN",
      "Name": "PAN card",
      "OptionalUniqueIdentifier": "",
      "TypeField": {
        "FieldId": "LoanEligibilitycheck.PDFs.PANcard.DocumentType",
        "FieldName": "Document Type"
      },
      "Fields": [
        {
          "FieldId": "LoanEligibilitycheck.PDFs.PANcard.Name",
          "FieldName": "Name",
          "IsMultiValue": false,
          "Type": "Name",
          "DeriveFieldsFormat": "",
          "Components": [],
          "SetValues": [],
          "Metadata": [
            {
              "Key": "Color",
              "Value": "#fa6616"
            },
            {
              "Key": "Hotkey",
              "Value": "m"
            }
          ]
        },
        {
          "FieldId": "LoanEligibilitycheck.PDFs.PANcard.PanNumber",
          "FieldName": "PanNumber",
          "IsMultiValue": false,
          "Type": "Text",
          "DeriveFieldsFormat": "",
          "Components": [],
          "SetValues": [],
          "Metadata": [
            {
              "Key": "Color",
              "Value": "#038a18"
            },
            {
              "Key": "Hotkey",
              "Value": "a"
            }
          ]
        },
        {
          "FieldId": "LoanEligibilitycheck.PDFs.PANcard.DateOfBirth",
          "FieldName": "DateOfBirth",
          "IsMultiValue": false,
          "Type": "Date",
          "DeriveFieldsFormat": "dd/MM/yyyy",
          "Components": [],
          "SetValues": [],
          "Metadata": [
            {
              "Key": "Color",
              "Value": "#8a97a0"
            },
            {
              "Key": "Hotkey",
              "Value": "e"
            }
          ]
        }
      ]
    },
    {
      "DocumentTypeId": "LoanEligibilitycheck.Aaadhaar.Aadhaarcard",
      "Group": "Loan Eligibility check",
      "Category": "Aaadhaar",
      "Name": "Aadhaar card",
      "OptionalUniqueIdentifier": "",
      "TypeField": {
        "FieldId": "LoanEligibilitycheck.Aaadhaar.Aadhaarcard.DocumentType",
        "FieldName": "Document Type"
      },
      "Fields": [
        {
          "FieldId": "LoanEligibilitycheck.Aaadhaar.Aadhaarcard.Name",
          "FieldName": "Name",
          "IsMultiValue": false,
          "Type": "Name",
          "DeriveFieldsFormat": "",
          "Components": [],
          "SetValues": [],
          "Metadata": [
            {
              "Key": "Color",
              "Value": "#038a18"
            },
            {
              "Key": "Hotkey",
              "Value": "a"
            }
          ]
        },
        {
          "FieldId": "LoanEligibilitycheck.Aaadhaar.Aadhaarcard.DateOfBirth",
          "FieldName": "DateOfBirth",
          "IsMultiValue": false,
          "Type": "Date",
          "DeriveFieldsFormat": "dd/MM/yyyy",
          "Components": [],
          "SetValues": [],
          "Metadata": [
            {
              "Key": "Color",
              "Value": "#fa6616"
            },
            {
              "Key": "Hotkey",
              "Value": "e"
            }
          ]
        },
        {
          "FieldId": "LoanEligibilitycheck.Aaadhaar.Aadhaarcard.Gender",
          "FieldName": "Gender",
          "IsMultiValue": false,
          "Type": "Text",
          "DeriveFieldsFormat": "",
          "Components": [],
          "SetValues": [],
          "Metadata": [
            {
              "Key": "Color",
              "Value": "#8a97a0"
            },
            {
              "Key": "Hotkey",
              "Value": "g"
            }
          ]
        },
        {
          "FieldId": "LoanEligibilitycheck.Aaadhaar.Aadhaarcard.Address",
          "FieldName": "Address",
          "IsMultiValue": false,
          "Type": "Address",
          "DeriveFieldsFormat": "",
          "Components": [],
          "SetValues": [],
          "Metadata": [
            {
              "Key": "Color",
              "Value": "#6eb84a"
            },
            {
              "Key": "Hotkey",
              "Value": "r"
            }
          ]
        },
        {
          "FieldId": "LoanEligibilitycheck.Aaadhaar.Aadhaarcard.AadhaarNumber",
          "FieldName": "AadhaarNumber",
          "IsMultiValue": false,
          "Type": "Number",
          "DeriveFieldsFormat": "",
          "Components": [],
          "SetValues": [],
          "Metadata": [
            {
              "Key": "Color",
              "Value": "#8352f9"
            },
            {
              "Key": "Hotkey",
              "Value": "h"
            }
          ]
        }
      ]
    },
    {
      "DocumentTypeId": "LoanEligibilitycheck.Payslip.Payslip",
      "Group": "Loan Eligibility check",
      "Category": "Payslip",
      "Name": "Payslip",
      "OptionalUniqueIdentifier": "",
      "TypeField": {
        "FieldId": "LoanEligibilitycheck.Payslip.Payslip.DocumentType",
        "FieldName": "Document Type"
      },
      "Fields": [
        {
          "FieldId": "LoanEligibilitycheck.Payslip.Payslip.Name",
          "FieldName": "Name",
          "IsMultiValue": false,
          "Type": "Name",
          "DeriveFieldsFormat": "",
          "Components": [],
          "SetValues": [],
          "Metadata": [
            {
              "Key": "Color",
              "Value": "#038a18"
            },
            {
              "Key": "Hotkey",
              "Value": "a"
            }
          ]
        },
        {
          "FieldId": "LoanEligibilitycheck.Payslip.Payslip.PanNumber",
          "FieldName": "PanNumber",
          "IsMultiValue": false,
          "Type": "Text",
          "DeriveFieldsFormat": "",
          "Components": [],
          "SetValues": [],
          "Metadata": [
            {
              "Key": "Color",
              "Value": "#fa6616"
            },
            {
              "Key": "Hotkey",
              "Value": "m"
            }
          ]
        },
        {
          "FieldId": "LoanEligibilitycheck.Payslip.Payslip.UanNumber",
          "FieldName": "UanNumber",
          "IsMultiValue": false,
          "Type": "Number",
          "DeriveFieldsFormat": "",
          "Components": [],
          "SetValues": [],
          "Metadata": [
            {
              "Key": "Color",
              "Value": "#8a97a0"
            },
            {
              "Key": "Hotkey",
              "Value": "e"
            }
          ]
        },
        {
          "FieldId": "LoanEligibilitycheck.Payslip.Payslip.PFAccountNumber",
          "FieldName": "PFAccountNumber",
          "IsMultiValue": false,
          "Type": "Text",
          "DeriveFieldsFormat": "",
          "Components": [],
          "SetValues": [],
          "Metadata": [
            {
              "Key": "Color",
              "Value": "#6eb84a"
            },
            {
              "Key": "Hotkey",
              "Value": "c"
            }
          ]
        },
        {
          "FieldId": "LoanEligibilitycheck.Payslip.Payslip.NetAmount",
          "FieldName": "NetAmount",
          "IsMultiValue": false,
          "Type": "Number",
          "DeriveFieldsFormat": "",
          "Components": [],
          "SetValues": [],
          "Metadata": [
            {
              "Key": "Color",
              "Value": "#bbbd89"
            },
            {
              "Key": "Hotkey",
              "Value": "q"
            }
          ]
        },
        {
          "FieldId": "LoanEligibilitycheck.Payslip.Payslip.Month",
          "FieldName": "Month",
          "IsMultiValue": false,
          "Type": "Text",
          "DeriveFieldsFormat": "",
          "Components": [],
          "SetValues": [],
          "Metadata": [
            {
              "Key": "Color",
              "Value": "#8a97a0"
            },
            {
              "Key": "Hotkey",
              "Value": "h"
            }
          ]
        }
      ]
    },
    {
      "DocumentTypeId": "LoanEligibilitycheck.SalarySplitup.SalarySplitup",
      "Group": "Loan Eligibility check",
      "Category": "SalarySplitup",
      "Name": "SalarySplitup",
      "OptionalUniqueIdentifier": "",
      "TypeField": {
        "FieldId": "LoanEligibilitycheck.SalarySplitup.SalarySplitup.DocumentType",
        "FieldName": "Document Type"
      },
      "Fields": [
        {
          "FieldId": "LoanEligibilitycheck.SalarySplitup.SalarySplitup.Name",
          "FieldName": "Name",
          "IsMultiValue": false,
          "Type": "Text",
          "DeriveFieldsFormat": "",
          "Components": [],
          "SetValues": [],
          "Metadata": [
            {
              "Key": "Color",
              "Value": "#038a18"
            },
            {
              "Key": "Hotkey",
              "Value": "a"
            }
          ]
        },
        {
          "FieldId": "LoanEligibilitycheck.SalarySplitup.SalarySplitup.MonthlyGross",
          "FieldName": "MonthlyGross",
          "IsMultiValue": false,
          "Type": "Number",
          "DeriveFieldsFormat": "",
          "Components": [],
          "SetValues": [],
          "Metadata": [
            {
              "Key": "Color",
              "Value": "#fa6616"
            },
            {
              "Key": "Hotkey",
              "Value": "m"
            }
          ]
        }
      ]
    }
  ],
  "Groups": [
    {
      "Name": "Loan Eligibility check",
      "Categories": [
        "PAN",
        "Aaadhaar",
        "Payslip",
        "SalarySplitup"
      ]
    }
  ],
  "SupportedLanguages": [
    {
      "Name": "Undetermined Language",
      "Code": "und"
    },
    {
      "Name": "Bulgarian",
      "Code": "bul"
    },
    {
      "Name": "Cantonese",
      "Code": "yue"
    },
    {
      "Name": "Danish",
      "Code": "dan"
    },
    {
      "Name": "Dutch",
      "Code": "nld"
    },
    {
      "Name": "English",
      "Code": "eng"
    },
    {
      "Name": "French",
      "Code": "fra"
    },
    {
      "Name": "Georgian",
      "Code": "kat"
    },
    {
      "Name": "German",
      "Code": "deu"
    },
    {
      "Name": "Greek",
      "Code": "ell"
    },
    {
      "Name": "Hebrew",
      "Code": "heb"
    },
    {
      "Name": "Hindi",
      "Code": "hin"
    },
    {
      "Name": "Italian",
      "Code": "ita"
    },
    {
      "Name": "Japanese",
      "Code": "jpn"
    },
    {
      "Name": "Korean",
      "Code": "kor"
    },
    {
      "Name": "Macedonian",
      "Code": "mkd"
    },
    {
      "Name": "Mandarin",
      "Code": "zho"
    },
    {
      "Name": "Marathi",
      "Code": "mar"
    },
    {
      "Name": "Norwegian",
      "Code": "nor"
    },
    {
      "Name": "Polish",
      "Code": "pol"
    },
    {
      "Name": "Portuguese",
      "Code": "por"
    },
    {
      "Name": "Romanian",
      "Code": "ron"
    },
    {
      "Name": "Russian",
      "Code": "rus"
    },
    {
      "Name": "Serbian",
      "Code": "srp"
    },
    {
      "Name": "Spanish",
      "Code": "spa"
    },
    {
      "Name": "Swedish",
      "Code": "swe"
    },
    {
      "Name": "Telugu",
      "Code": "tel"
    },
    {
      "Name": "Turkish",
      "Code": "tur"
    }
  ]
}