{"DocumentId":"PAN - 1","ContentType":"application/pdf","Length":123,"Pages":[{"PageIndex":0,"Size":[0.0,0.0,595.0,841.0],"Sections":[{"IndexInText":0,"Language":"eng","Length":73,"Rotation":"None","SkewAngle":-0.1,"Type":"Paragraph","WordGroups":[{"IndexInText":0,"Length":73,"Type":"Heading","Words":[{"Box":[66.95,162.71,33.34,7.74],"Polygon":[162.71,66.95,196.05,66.95,196.05,74.68,162.71,74.68],"IndexInText":0,"OcrConfidence":1.0,"Text":"Income","VisualLineNumber":0,"TextType":"Text"},{"Box":[66.95,197.38,17.07,7.74],"Polygon":[197.38,66.95,214.45,66.95,214.45,74.68,197.38,74.68],"IndexInText":7,"OcrConfidence":1.0,"Text":"Tax","VisualLineNumber":0,"TextType":"Text"},{"Box":[66.68,214.98,53.61,9.6],"Polygon":[214.98,66.68,268.6,66.68,268.6,76.28,214.98,76.28],"IndexInText":11,"OcrConfidence":1.0,"Text":"Department","VisualLineNumber":0,"TextType":"Text"},{"Box":[66.68,296.6,54.15,7.74],"Polygon":[296.6,66.68,350.75,66.68,350.75,74.42,296.6,74.42],"IndexInText":22,"OcrConfidence":1.0,"Text":"Government","VisualLineNumber":0,"TextType":"Text"},{"Box":[66.95,352.88,10.14,7.74],"Polygon":[352.88,66.95,363.02,66.95,363.02,74.68,352.88,74.68],"IndexInText":33,"OcrConfidence":1.0,"Text":"of","VisualLineNumber":0,"TextType":"Text"},{"Box":[66.68,363.29,42.94,7.74],"Polygon":[363.29,66.68,406.23,66.68,406.23,74.42,363.29,74.42],"IndexInText":36,"OcrConfidence":1.0,"Text":"Wakanda","VisualLineNumber":0,"TextType":"Text"},{"Box":[81.35,212.85,48.28,8.27],"Polygon":[212.85,81.35,261.13,81.35,261.13,89.62,212.85,89.62],"IndexInText":44,"OcrConfidence":1.0,"Text":"Permanent","VisualLineNumber":1,"TextType":"Text"},{"Box":[81.35,262.73,36.28,8.27],"Polygon":[262.73,81.35,299.0,81.35,299.0,89.62,262.73,89.62],"IndexInText":54,"OcrConfidence":1.0,"Text":"Account","VisualLineNumber":1,"TextType":"Text"},{"Box":[81.09,300.6,37.08,8.54],"Polygon":[300.6,81.09,337.68,81.09,337.68,89.62,300.6,89.62],"IndexInText":62,"OcrConfidence":1.0,"Text":"Number","VisualLineNumber":1,"TextType":"Text"},{"Box":[81.09,339.28,22.67,8.54],"Polygon":[339.28,81.09,361.95,81.09,361.95,89.62,339.28,89.62],"IndexInText":69,"OcrConfidence":1.0,"Text":"Card","VisualLineNumber":1,"TextType":"Text"}]}]},{"IndexInText":75,"Language":"dan","Length":10,"Rotation":"None","SkewAngle":-0.1,"Type":"Paragraph","WordGroups":[{"IndexInText":75,"Length":10,"Type":"Other","Words":[{"Box":[98.69,248.86,67.22,8.8],"Polygon":[248.86,98.69,316.08,98.69,316.08,107.49,248.86,107.49],"IndexInText":75,"OcrConfidence":1.0,"Text":"NUYPV1359V","VisualLineNumber":2,"TextType":"Text"}]}]},{"IndexInText":87,"Language":"tur","Length":36,"Rotation":"None","SkewAngle":-0.1,"Type":"Paragraph","WordGroups":[{"IndexInText":87,"Length":36,"Type":"Other","Words":[{"Box":[120.83,163.24,28.81,8.27],"Polygon":[163.24,120.83,192.05,120.83,192.05,129.1,163.24,129.1],"IndexInText":87,"OcrConfidence":1.0,"Text":"Name:","VisualLineNumber":3,"TextType":"Text"},{"Box":[132.56,163.24,40.54,9.6],"Polygon":[163.24,132.56,203.78,132.56,203.78,142.17,163.24,142.17],"IndexInText":93,"OcrConfidence":0.98999995,"Text":"Ameyatma","VisualLineNumber":4,"TextType":"Text"},{"Box":[132.3,204.58,24.27,8.0],"Polygon":[204.58,132.3,228.85,132.3,228.85,140.3,204.58,140.3],"IndexInText":102,"OcrConfidence":1.0,"Text":"Nehru","VisualLineNumber":4,"TextType":"Text"},{"Box":[146.7,164.31,25.61,8.27],"Polygon":[164.31,146.7,189.91,146.7,189.91,154.97,164.31,154.97],"IndexInText":108,"OcrConfidence":1.0,"Text":"DOB:","VisualLineNumber":5,"TextType":"Text"},{"Box":[157.64,164.57,45.88,8.54],"Polygon":[164.57,157.64,210.45,157.64,210.45,166.17,164.57,166.17],"IndexInText":113,"OcrConfidence":1.0,"Text":"19/05/2022","VisualLineNumber":6,"TextType":"Text"}]}]}],"ProcessingSource":"Ocr","IndexInText":0,"TextLength":123,"SkewAngle":-0.1,"PageMetadata":[{"Key":"ImageHash","Value":"74fbbea96b68a036bf35f0634a181dca"}]}],"DocumentMetadata":[{"Key":"CommitSHA","Value":null},{"Key":"ReleaseVersion","Value":null}]}